Category,January,February,March,April,May,June,July,August,September,October,November,December,Total
Beginning Cash Balance,,,,,,,,,,,,,
,,,,,,,,,,,,,
Cash Inflows,,,,,,,,,,,,,
 - Cash Sales,,,,,,,,,,,,,
 - Accounts Receivable Collected,,,,,,,,,,,,,
 - Loan/Investment Income,,,,,,,,,,,,,
 - Other Inflows,,,,,,,,,,,,,
Total Cash Inflows,,,,,,,,,,,,,
,,,,,,,,,,,,,
Cash Outflows,,,,,,,,,,,,,
 - Payroll,,,,,,,,,,,,,
 - Rent/Lease,,,,,,,,,,,,,
 - Marketing & Advertising,,,,,,,,,,,,,
 - Utilities,,,,,,,,,,,,,
 - Loan Payments,,,,,,,,,,,,,
 - Inventory/Materials,,,,,,,,,,,,,
 - Other Expenses,,,,,,,,,,,,,
Total Cash Outflows,,,,,,,,,,,,,
,,,,,,,,,,,,,
Net Cash Flow (Inflows - Outflows),,,,,,,,,,,,,
Ending Cash Balance,,,,,,,,,,,,,
