Category,Year 1,Year 2,Year 3,Total (3 Years)
Revenue,,,,
 - Product Sales,,,,
 - Service Revenue,,,,
 - Other Income,,,,
Total Revenue,,,,
,,,,
Cost of Goods Sold (COGS),,,,
 - Materials,,,,
 - Direct Labor,,,,
 - Other COGS,,,,
Total COGS,,,,
,,,,
Gross Profit (Revenue - COGS),,,,
,,,,
Operating Expenses,,,,
 - Salaries & Wages,,,,
 - Rent/Lease,,,,
 - Marketing & Advertising,,,,
 - Utilities,,,,
 - Insurance,,,,
 - Professional Fees,,,,
 - Travel & Meals,,,,
 - Software & Subscriptions,,,,
 - Other Expenses,,,,
Total Operating Expenses,,,,
,,,,
Net Income (Gross Profit - Expenses),,,,
